{
  "accuracy": 0.9616666666666667,
  "roc_auc": 0.9628058285327008,
  "train_rows": 4800,
  "test_rows": 1200
}