{
  "mae": 4.378340063445896,
  "r2": 0.9890588489048544,
  "train_rows": 4000,
  "test_rows": 1000
}