{
  "xgboost": {
    "mae": 244.17528367133474,
    "r2": 0.9983460668705945
  },
  "lightgbm": {
    "mae": 246.0432575395148,
    "r2": 0.9984491534951033
  },
  "train_rows": 4000,
  "test_rows": 1000
}